"","ymd","wsui","ordweek","ymd2","nwd","YR","flu","flu2"
"35",12660,238,35,2004-08-30,36,2004,"0.6","0.6"
"36",12667,211,36,2004-09-06,37,2004,"2","2"
"37",12674,208,37,2004-09-13,38,2004,"2.1","2.1"
"38",12681,188,38,2004-09-20,39,2004,"2.2","2.2"
"39",12688,213,39,2004-09-27,40,2004,"2.5","2.5"
"40",12695,224,40,2004-10-04,41,2004,"2.4","2.4"
"41",12702,219,41,2004-10-11,42,2004,"2.6","2.6"
"42",12709,232,42,2004-10-18,43,2004,"3.3","3.3"
"43",12716,197,43,2004-10-25,44,2004,"2.7","2.7"
"44",12723,158,44,2004-11-01,45,2004,"2.3","2.3"
"45",12730,158,45,2004-11-08,46,2004,"3","3"
"46",12737,174,46,2004-11-15,47,2004,"2.7","2.7"
"47",12744,199,47,2004-11-22,48,2004,"2.8","2.8"
"48",12751,197,48,2004-11-29,49,2004,"3.1","3.1"
"49",12758,176,49,2004-12-06,50,2004,"3.2","3.2"
"50",12765,188,50,2004-12-13,51,2004,"3.8","3.8"
"51",12772,139,51,2004-12-20,52,2004,"4.4","4.4"
"52",12779,152,52,2004-12-27,53,2004,"0","4.65"
"53",12786,175,53,2005-01-03,1,2005,"4.9","4.9"
"54",12793,150,54,2005-01-10,2,2005,"4.6","4.6"
"55",12800,151,55,2005-01-17,3,2005,"3.6","3.6"
"56",12807,173,56,2005-01-24,4,2005,"3.6","3.6"
"57",12814,137,57,2005-01-31,5,2005,"3.3","3.3"
"58",12821,155,58,2005-02-07,6,2005,"3","3"
"59",12828,177,59,2005-02-14,7,2005,"2.8","2.8"
"60",12835,245,60,2005-02-21,8,2005,"2.6","2.6"
"61",12842,318,61,2005-02-28,9,2005,"2.7","2.7"
"62",12849,297,62,2005-03-07,10,2005,"2.9","2.9"
"63",12856,283,63,2005-03-14,11,2005,"3.1","3.1"
"64",12863,272,64,2005-03-21,12,2005,"4.3","4.3"
"65",12870,313,65,2005-03-28,13,2005,"4.2","4.2"
"66",12877,268,66,2005-04-04,14,2005,"4.6","4.6"
"67",12884,295,67,2005-04-11,15,2005,"4.6","4.6"
"68",12891,318,68,2005-04-18,16,2005,"5.6","5.6"
"69",12898,306,69,2005-04-25,17,2005,"7","7"
"70",12905,286,70,2005-05-02,18,2005,"4.7","4.7"
"71",12912,280,71,2005-05-09,19,2005,"3.7","3.7"
"72",12919,279,72,2005-05-16,20,2005,"2.9","2.9"
"73",12926,257,73,2005-05-23,21,2005,"2","2"
"74",12933,264,74,2005-05-30,22,2005,"2","2"
"75",12940,252,75,2005-06-06,23,2005,"1.6","1.6"
"76",12947,249,76,2005-06-13,24,2005,"1.3","1.3"
"77",12954,272,77,2005-06-20,25,2005,"1.1","1.1"
"78",12961,256,78,2005-06-27,26,2005,"1.5","1.5"
"79",12968,275,79,2005-07-04,27,2005,"1.2","1.2"
"80",12975,253,80,2005-07-11,28,2005,"1.2","1.2"
"81",12982,233,81,2005-07-18,29,2005,"1.3","1.3"
"82",12989,213,82,2005-07-25,30,2005,"1.3","1.3"
"83",12996,247,83,2005-08-01,31,2005,"1.3","1.3"
"84",13003,242,84,2005-08-08,32,2005,"1.3","1.3"
"85",13010,237,85,2005-08-15,33,2005,"0.6","0.6"
"86",13017,224,86,2005-08-22,34,2005,"0.9","0.9"
"87",13024,293,87,2005-08-29,35,2005,"0.9","0.9"
"88",13031,234,88,2005-09-05,36,2005,"2","2"
"89",13038,198,89,2005-09-12,37,2005,"1.4","1.4"
"90",13045,241,90,2005-09-19,38,2005,"1.4","1.4"
"91",13052,263,91,2005-09-26,39,2005,"1.7","1.7"
"92",13059,230,92,2005-10-03,40,2005,"1.8","1.8"
"93",13066,197,93,2005-10-10,41,2005,"1.6","1.6"
"94",13073,194,94,2005-10-17,42,2005,"2.1","2.1"
"95",13080,210,95,2005-10-24,43,2005,"2.5","2.5"
"96",13087,184,96,2005-10-31,44,2005,"2.2","2.2"
"97",13094,188,97,2005-11-07,45,2005,"2.2","2.2"
"98",13101,171,98,2005-11-14,46,2005,"1.8","1.8"
"99",13108,217,99,2005-11-21,47,2005,"2.8","2.8"
"100",13115,218,100,2005-11-28,48,2005,"3.6","3.6"
"101",13122,175,101,2005-12-05,49,2005,"5.1","5.1"
"102",13129,137,102,2005-12-12,50,2005,"6.1","6.1"
"103",13136,168,103,2005-12-19,51,2005,"9.6","9.6"
"104",13143,173,104,2005-12-26,52,2005,"11.5","11.5"
"105",13150,185,105,2006-01-02,1,2006,"6.8","6.8"
"106",13157,201,106,2006-01-09,2,2006,"4.7","4.7"
"107",13164,203,107,2006-01-16,3,2006,"3.2","3.2"
"108",13171,184,108,2006-01-23,4,2006,"2.8","2.8"
"109",13178,188,109,2006-01-30,5,2006,"2.1","2.1"
"110",13185,191,110,2006-02-06,6,2006,"1.6","1.6"
"111",13192,185,111,2006-02-13,7,2006,"1.5","1.5"
"112",13199,223,112,2006-02-20,8,2006,"1.2","1.2"
"113",13206,244,113,2006-02-27,9,2006,"1.5","1.5"
"114",13213,239,114,2006-03-06,10,2006,"1.4","1.4"
"115",13220,203,115,2006-03-13,11,2006,"1.5","1.5"
"116",13227,248,116,2006-03-20,12,2006,"1.9","1.9"
"117",13234,221,117,2006-03-27,13,2006,"2.3","2.3"
"118",13241,256,118,2006-04-03,14,2006,"3.9","3.9"
"119",13248,217,119,2006-04-10,15,2006,"4.7","4.7"
"120",13255,225,120,2006-04-17,16,2006,"6","6"
"121",13262,237,121,2006-04-24,17,2006,"6.1","6.1"
"122",13269,259,122,2006-05-01,18,2006,"5","5"
"123",13276,235,123,2006-05-08,19,2006,"3.2","3.2"
"124",13283,235,124,2006-05-15,20,2006,"1.8","1.8"
"125",13290,251,125,2006-05-22,21,2006,"1.4","1.4"
"126",13297,213,126,2006-05-29,22,2006,"1.2","1.2"
"127",13304,199,127,2006-06-05,23,2006,"1.3","1.3"
"128",13311,207,128,2006-06-12,24,2006,"1","1"
"129",13318,220,129,2006-06-19,25,2006,"0.9","0.9"
"130",13325,242,130,2006-06-26,26,2006,"1","1"
"131",13332,238,131,2006-07-03,27,2006,"0.9","0.9"
"132",13339,217,132,2006-07-10,28,2006,"0.8","0.8"
"133",13346,187,133,2006-07-17,29,2006,"0.7","0.7"
"134",13353,182,134,2006-07-24,30,2006,"0.8","0.8"
"135",13360,199,135,2006-07-31,31,2006,"0.6","0.6"
"136",13367,167,136,2006-08-07,32,2006,"0.5","0.5"
"137",13374,216,137,2006-08-14,33,2006,"0.5","0.5"
"138",13381,212,138,2006-08-21,34,2006,"0.5","0.5"
"139",13388,245,139,2006-08-28,35,2006,"0.8","0.8"
"140",13395,204,140,2006-09-04,36,2006,"1","1"
"141",13402,215,141,2006-09-11,37,2006,"1","1"
"142",13409,196,142,2006-09-18,38,2006,"1.2","1.2"
"143",13416,203,143,2006-09-25,39,2006,"1.9","1.9"
"144",13423,193,144,2006-10-02,40,2006,"1.4","1.4"
"145",13430,210,145,2006-10-09,41,2006,"2","2"
"146",13437,208,146,2006-10-16,42,2006,"2.3","2.3"
"147",13444,186,147,2006-10-23,43,2006,"2.3","2.3"
"148",13451,222,148,2006-10-30,44,2006,"2","2"
"149",13458,174,149,2006-11-06,45,2006,"2.7","2.7"
"150",13465,171,150,2006-11-13,46,2006,"2.2","2.2"
"151",13472,166,151,2006-11-20,47,2006,"2.1","2.1"
"152",13479,183,152,2006-11-27,48,2006,"2.1","2.1"
"153",13486,146,153,2006-12-04,49,2006,"2.6","2.6"
"154",13493,141,154,2006-12-11,50,2006,"3.9","3.9"
"155",13500,147,155,2006-12-18,51,2006,"4.6","4.6"
"156",13507,124,156,2006-12-25,52,2006,"6.6","6.6"
"157",13514,157,157,2007-01-01,1,2007,"8.7","8.7"
"158",13521,141,158,2007-01-08,2,2007,"8.4","8.4"
"159",13528,184,159,2007-01-15,3,2007,"8.4","8.4"
"160",13535,232,160,2007-01-22,4,2007,"6.7","6.7"
"161",13542,210,161,2007-01-29,5,2007,"4.9","4.9"
"162",13549,285,162,2007-02-05,6,2007,"3.3","3.3"
"163",13556,301,163,2007-02-12,7,2007,"2.8","2.8"
"164",13563,358,164,2007-02-19,8,2007,"2.3","2.3"
"165",13570,306,165,2007-02-26,9,2007,"1.7","1.7"
"166",13577,275,166,2007-03-05,10,2007,"1.3","1.3"
"167",13584,258,167,2007-03-12,11,2007,"1.5","1.5"
"168",13591,258,168,2007-03-19,12,2007,"1.9","1.9"
"169",13598,223,169,2007-03-26,13,2007,"2.2","2.2"
"170",13605,266,170,2007-04-02,14,2007,"2.1","2.1"
"171",13612,262,171,2007-04-09,15,2007,"3.6","3.6"
"172",13619,270,172,2007-04-16,16,2007,"3.9","3.9"
"173",13626,287,173,2007-04-23,17,2007,"4.2","4.2"
"174",13633,287,174,2007-04-30,18,2007,"4.5","4.5"
"175",13640,256,175,2007-05-07,19,2007,"3.7","3.7"
"176",13647,260,176,2007-05-14,20,2007,"2.1","2.1"
"177",13654,276,177,2007-05-21,21,2007,"1.9","1.9"
"178",13661,318,178,2007-05-28,22,2007,"1","1"
"179",13668,254,179,2007-06-04,23,2007,"1.7","1.7"
"180",13675,244,180,2007-06-11,24,2007,"1.5","1.5"
"181",13682,236,181,2007-06-18,25,2007,"1.5","1.5"
"182",13689,235,182,2007-06-25,26,2007,"1.6","1.6"
"183",13696,248,183,2007-07-02,27,2007,"1.1","1.1"
"184",13703,242,184,2007-07-09,28,2007,"0.6","0.6"
"185",13710,204,185,2007-07-16,29,2007,"0.7","0.7"
"186",13717,232,186,2007-07-23,30,2007,"0.7","0.7"
"187",13724,244,187,2007-07-30,31,2007,"0.7","0.7"
"188",13731,205,188,2007-08-06,32,2007,"0.8","0.8"
"189",13738,247,189,2007-08-13,33,2007,"0.7","0.7"
"190",13745,203,190,2007-08-20,34,2007,"1.1","1.1"
"191",13752,229,191,2007-08-27,35,2007,"0.7","0.7"
"192",13759,246,192,2007-09-03,36,2007,"1","1"
"193",13766,219,193,2007-09-10,37,2007,"1.8","1.8"
"194",13773,250,194,2007-09-17,38,2007,"1.4","1.4"
"195",13780,228,195,2007-09-24,39,2007,"1.6","1.6"
"196",13787,247,196,2007-10-01,40,2007,"1.8","1.8"
"197",13794,233,197,2007-10-08,41,2007,"1.3","1.3"
"198",13801,179,198,2007-10-15,42,2007,"1.5","1.5"
"199",13808,210,199,2007-10-22,43,2007,"1.6","1.6"
"200",13815,215,200,2007-10-29,44,2007,"1.8","1.8"
"201",13822,201,201,2007-11-05,45,2007,"1.8","1.8"
"202",13829,216,202,2007-11-12,46,2007,"1.6","1.6"
"203",13836,171,203,2007-11-19,47,2007,"2.6","2.6"
"204",13843,177,204,2007-11-26,48,2007,"2.5","2.5"
"205",13850,167,205,2007-12-03,49,2007,"3.3","3.3"
"206",13857,165,206,2007-12-10,50,2007,"3.1","3.1"
"207",13864,190,207,2007-12-17,51,2007,"5.1","5.1"
"208",13871,185,208,2007-12-24,52,2007,"7.4","7.4"
"209",13878,182,209,2007-12-31,1,2007,"8.7","8.7"
"210",13885,190,210,2008-01-07,2,2008,"5.2","5.2"
"211",13892,177,211,2008-01-14,3,2008,"5.1","5.1"
"212",13899,177,212,2008-01-21,4,2008,"4.7","4.7"
"213",13906,176,213,2008-01-28,5,2008,"4.9","4.9"
"214",13913,168,214,2008-02-04,6,2008,"5.5","5.5"
"215",13920,207,215,2008-02-11,7,2008,"7.4","7.4"
"216",13927,204,216,2008-02-18,8,2008,"9.4","9.4"
"217",13934,237,217,2008-02-25,9,2008,"9.6","9.6"
"218",13941,223,218,2008-03-03,10,2008,"6.4","6.4"
"219",13948,229,219,2008-03-10,11,2008,"4.8","4.8"
"220",13955,231,220,2008-03-17,12,2008,"4.2","4.2"
"221",13962,224,221,2008-03-24,13,2008,"3.8","3.8"
"222",13969,231,222,2008-03-31,14,2008,"3.5","3.5"
"223",13976,219,223,2008-04-07,15,2008,"3.5","3.5"
"224",13983,271,224,2008-04-14,16,2008,"2.7","2.7"
"225",13990,204,225,2008-04-21,17,2008,"2.4","2.4"
"226",13997,222,226,2008-04-28,18,2008,"2.1","2.1"
"227",14004,223,227,2008-05-05,19,2008,"1.7","1.7"
"228",14011,223,228,2008-05-12,20,2008,"1.5","1.5"
"229",14018,230,229,2008-05-19,21,2008,"1.6","1.6"
"230",14025,252,230,2008-05-26,22,2008,"1.3","1.3"
"231",14032,241,231,2008-06-02,23,2008,"1.3","1.3"
"232",14039,222,232,2008-06-09,24,2008,"1.4","1.4"
"233",14046,245,233,2008-06-16,25,2008,"1","1"
"234",14053,255,234,2008-06-23,26,2008,"0.9","0.9"
"235",14060,228,235,2008-06-30,27,2008,"1","1"
"236",14067,225,236,2008-07-07,28,2008,"1.2","1.2"
"237",14074,192,237,2008-07-14,29,2008,"0.8","0.8"
"238",14081,225,238,2008-07-21,30,2008,"0.7","0.7"
"239",14088,216,239,2008-07-28,31,2008,"0.6","0.6"
"240",14095,206,240,2008-08-04,32,2008,"0.5","0.5"
"241",14102,191,241,2008-08-11,33,2008,"0.5","0.5"
"242",14109,232,242,2008-08-18,34,2008,"0.4","0.4"
"243",14116,245,243,2008-08-25,35,2008,"0.6","0.6"
"244",14123,234,244,2008-09-01,36,2008,"0.7","0.7"
"245",14130,238,245,2008-09-08,37,2008,"0.9","0.9"
"246",14137,273,246,2008-09-15,38,2008,"1","1"
"247",14144,266,247,2008-09-22,39,2008,"1.2","1.2"
"248",14151,381,248,2008-09-29,40,2008,"1.7","1.7"
"249",14158,457,249,2008-10-06,41,2008,"1.4","1.4"
"250",14165,412,250,2008-10-13,42,2008,"1.6","1.6"
"251",14172,366,251,2008-10-20,43,2008,"1.5","1.5"
"252",14179,341,252,2008-10-27,44,2008,"1.6","1.6"
"253",14186,347,253,2008-11-03,45,2008,"1.8","1.8"
"254",14193,316,254,2008-11-10,46,2008,"1.5","1.5"
"255",14200,262,255,2008-11-17,47,2008,"1.5","1.5"
"256",14207,277,256,2008-11-24,48,2008,"1.9","1.9"
"257",14214,280,257,2008-12-01,49,2008,"2.3","2.3"
"258",14221,241,258,2008-12-08,50,2008,"3.6","3.6"
"259",14228,237,259,2008-12-15,51,2008,"8.4","8.4"
"260",14235,253,260,2008-12-22,52,2008,"15.4","15.4"
"261",14242,257,261,2008-12-29,1,2008,"6.3","6.3"
"262",14249,227,262,2009-01-05,2,2009,"12","12"
"263",14256,201,263,2009-01-12,3,2009,"8","8"
"264",14263,247,264,2009-01-19,4,2009,"4.5","4.5"
"265",14270,244,265,2009-01-26,5,2009,"2.9","2.9"
"266",14277,270,266,2009-02-02,6,2009,"1.8","1.8"
"267",14284,295,267,2009-02-09,7,2009,"1.6","1.6"
"268",14291,242,268,2009-02-16,8,2009,"1.3","1.3"
"269",14298,268,269,2009-02-23,9,2009,"1","1"
"270",14305,272,270,2009-03-02,10,2009,"1","1"
"271",14312,308,271,2009-03-09,11,2009,"1.7","1.7"
"272",14319,339,272,2009-03-16,12,2009,"2.3","2.3"
"273",14326,335,273,2009-03-23,13,2009,"3","3"
"274",14333,334,274,2009-03-30,14,2009,"6","6"
"275",14340,342,275,2009-04-06,15,2009,"8.7","8.7"
"276",14347,328,276,2009-04-13,16,2009,"8.5","8.5"
"277",14354,302,277,2009-04-20,17,2009,"7","7"
"278",14361,348,278,2009-04-27,18,2009,"6.7","6.7"
"279",14368,390,279,2009-05-04,19,2009,"4.9","4.9"
"280",14375,347,280,2009-05-11,20,2009,"3.5","3.5"
"281",14382,323,281,2009-05-18,21,2009,"2.9","2.9"
"282",14389,423,282,2009-05-25,22,2009,"2.9","2.9"
"283",14396,373,283,2009-06-01,23,2009,"2.5","2.5"
"284",14403,362,284,2009-06-08,24,2009,"2.4","2.4"
"285",14410,364,285,2009-06-15,25,2009,"2.4","2.4"
"286",14417,356,286,2009-06-22,26,2009,"2.1","2.1"
"287",14424,359,287,2009-06-29,27,2009,"1.7","1.7"
"288",14431,311,288,2009-07-06,28,2009,"1.7","1.7"
"289",14438,330,289,2009-07-13,29,2009,"1.9","1.9"
"290",14445,311,290,2009-07-20,30,2009,"2","2"
"291",14452,290,291,2009-07-27,31,2009,"2.2","2.2"
"292",14459,305,292,2009-08-03,32,2009,"1.8","1.8"
"293",14466,279,293,2009-08-10,33,2009,"1.8","1.8"
"294",14473,302,294,2009-08-17,34,2009,"2.8","2.8"
"295",14480,281,295,2009-08-24,35,2009,"4.3","4.3"
"296",14487,299,296,2009-08-31,36,2009,"5.4","5.4"
"297",14494,311,297,2009-09-07,37,2009,"6.3","6.3"
"298",14501,280,298,2009-09-14,38,2009,"6.5","6.5"
"299",14508,276,299,2009-09-21,39,2009,"7.2","7.2"
"300",14515,251,300,2009-09-28,40,2009,"7.3","7.3"
"301",14522,280,301,2009-10-05,41,2009,"5.7","5.7"
"302",14529,275,302,2009-10-12,42,2009,"9.3","9.3"
"303",14536,256,303,2009-10-19,43,2009,"20.3","20.3"
"304",14543,276,304,2009-10-26,44,2009,"41.7","41.7"
"305",14550,258,305,2009-11-02,45,2009,"45","45"
"306",14557,277,306,2009-11-09,46,2009,"37.7","37.7"
"307",14564,248,307,2009-11-16,47,2009,"27.5","27.5"
"308",14571,289,308,2009-11-23,48,2009,"28.3","28.3"
"309",14578,278,309,2009-11-30,49,2009,"22.4","22.4"
"310",14585,256,310,2009-12-07,50,2009,"18.6","18.6"
"311",14592,241,311,2009-12-14,51,2009,"12.3","12.3"
"312",14599,222,312,2009-12-21,52,2009,"13.2","13.2"
"313",14606,199,313,2009-12-28,53,2009,"0","11.45"
"314",14613,196,314,2010-01-04,1,2010,"9.7","9.7"
"315",14620,206,315,2010-01-11,2,2010,"6.9","6.9"
"316",14627,208,316,2010-01-18,3,2010,"6","6"
"317",14634,264,317,2010-01-25,4,2010,"5.1","5.1"
"318",14641,230,318,2010-02-01,5,2010,"4.7","4.7"
"319",14648,211,319,2010-02-08,6,2010,"4.6","4.6"
"320",14655,231,320,2010-02-15,7,2010,"3.9","3.9"
"321",14662,286,321,2010-02-22,8,2010,"3.5","3.5"
"322",14669,285,322,2010-03-01,9,2010,"3.3","3.3"
"323",14676,267,323,2010-03-08,10,2010,"2.8","2.8"
"324",14683,246,324,2010-03-15,11,2010,"3.3","3.3"
"325",14690,269,325,2010-03-22,12,2010,"4.7","4.7"
"326",14697,379,326,2010-03-29,13,2010,"10.6","10.6"
"327",14704,371,327,2010-04-05,14,2010,"15.3","15.3"
"328",14711,366,328,2010-04-12,15,2010,"20.5","20.5"
"329",14718,329,329,2010-04-19,16,2010,"18.7","18.7"
"330",14725,312,330,2010-04-26,17,2010,"17.1","17.1"
"331",14732,374,331,2010-05-03,18,2010,"10.1","10.1"
"332",14739,367,332,2010-05-10,19,2010,"6.6","6.6"
"333",14746,347,333,2010-05-17,20,2010,"4.5","4.5"
"334",14753,345,334,2010-05-24,21,2010,"3.9","3.9"
"335",14760,326,335,2010-05-31,22,2010,"2.9","2.9"
"336",14767,333,336,2010-06-07,23,2010,"2.9","2.9"
"337",14774,329,337,2010-06-14,24,2010,"2.4","2.4"
"338",14781,292,338,2010-06-21,25,2010,"2.4","2.4"
"339",14788,407,339,2010-06-28,26,2010,"2.1","2.1"
"340",14795,384,340,2010-07-05,27,2010,"2.1","2.1"
"341",14802,348,341,2010-07-12,28,2010,"2.4","2.4"
"342",14809,351,342,2010-07-19,29,2010,"2.2","2.2"
"343",14816,356,343,2010-07-26,30,2010,"2","2"
"344",14823,325,344,2010-08-02,31,2010,"1.9","1.9"
"345",14830,318,345,2010-08-09,32,2010,"2.2","2.2"
"346",14837,329,346,2010-08-16,33,2010,"1.5","1.5"
"347",14844,321,347,2010-08-23,34,2010,"2.2","2.2"
"348",14851,323,348,2010-08-30,35,2010,"1.9","1.9"
"349",14858,311,349,2010-09-06,36,2010,"2.6","2.6"
"350",14865,288,350,2010-09-13,37,2010,"3.3","3.3"
"351",14872,293,351,2010-09-20,38,2010,"3.3","3.3"
"352",14879,303,352,2010-09-27,39,2010,"4.5","4.5"
"353",14886,335,353,2010-10-04,40,2010,"3.4","3.4"
"354",14893,343,354,2010-10-11,41,2010,"4.1","4.1"
"355",14900,303,355,2010-10-18,42,2010,"3.5","3.5"
"356",14907,292,356,2010-10-25,43,2010,"3.8","3.8"
"357",14914,290,357,2010-11-01,44,2010,"3.4","3.4"
"358",14921,277,358,2010-11-08,45,2010,"3.7","3.7"
"359",14928,251,359,2010-11-15,46,2010,"3.6","3.6"
"360",14935,239,360,2010-11-22,47,2010,"4.1","4.1"
"361",14942,299,361,2010-11-29,48,2010,"4.2","4.2"
"362",14949,252,362,2010-12-06,49,2010,"5","5"
"363",14956,222,363,2010-12-13,50,2010,"7.4","7.4"
"364",14963,230,364,2010-12-20,51,2010,"14.6","14.6"
"365",14970,215,365,2010-12-27,52,2010,"23.9","23.9"
"366",14977,243,366,2011-01-03,1,2011,"22.3","22.3"
"367",14984,211,367,2011-01-10,2,2011,"17.2","17.2"
"368",14991,213,368,2011-01-17,3,2011,"14.3","14.3"
"369",14998,190,369,2011-01-24,4,2011,"9.4","9.4"
"370",15005,225,370,2011-01-31,5,2011,"7.2","7.2"
"371",15012,233,371,2011-02-07,6,2011,"5.3","5.3"
"372",15019,289,372,2011-02-14,7,2011,"3.7","3.7"
"373",15026,311,373,2011-02-21,8,2011,"3.1","3.1"
"374",15033,294,374,2011-02-28,9,2011,"2.7","2.7"
"375",15040,289,375,2011-03-07,10,2011,"2.4","2.4"
"376",15047,266,376,2011-03-14,11,2011,"2.5","2.5"
"377",15054,278,377,2011-03-21,12,2011,"2.5","2.5"
"378",15061,331,378,2011-03-28,13,2011,"2.9","2.9"
"379",15068,322,379,2011-04-04,14,2011,"2.4","2.4"
"380",15075,354,380,2011-04-11,15,2011,"2.3","2.3"
"381",15082,350,381,2011-04-18,16,2011,"2.5","2.5"
"382",15089,340,382,2011-04-25,17,2011,"2.4","2.4"
"383",15096,321,383,2011-05-02,18,2011,"2.4","2.4"
"384",15103,357,384,2011-05-09,19,2011,"2.8","2.8"
"385",15110,376,385,2011-05-16,20,2011,"2.5","2.5"
"386",15117,395,386,2011-05-23,21,2011,"2.9","2.9"
"387",15124,433,387,2011-05-30,22,2011,"2.4","2.4"
"388",15131,381,388,2011-06-06,23,2011,"2.2","2.2"
"389",15138,387,389,2011-06-13,24,2011,"2.3","2.3"
"390",15145,367,390,2011-06-20,25,2011,"2.3","2.3"
"391",15152,367,391,2011-06-27,26,2011,"1.9","1.9"
"392",15159,340,392,2011-07-04,27,2011,"1.8","1.8"
"393",15166,339,393,2011-07-11,28,2011,"1.8","1.8"
"394",15173,328,394,2011-07-18,29,2011,"1.8","1.8"
"395",15180,298,395,2011-07-25,30,2011,"1.8","1.8"
"396",15187,335,396,2011-08-01,31,2011,"1.9","1.9"
"397",15194,342,397,2011-08-08,32,2011,"2","2"
"398",15201,318,398,2011-08-15,33,2011,"1.6","1.6"
"399",15208,365,399,2011-08-22,34,2011,"1.7","1.7"
"400",15215,341,400,2011-08-29,35,2011,"2.1","2.1"
"401",15222,277,401,2011-09-05,36,2011,"2.6","2.6"
"402",15229,342,402,2011-09-12,37,2011,"2.3","2.3"
"403",15236,329,403,2011-09-19,38,2011,"3.2","3.2"
"404",15243,306,404,2011-09-26,39,2011,"3.3","3.3"
"405",15250,322,405,2011-10-03,40,2011,"2.9","2.9"
"406",15257,345,406,2011-10-10,41,2011,"3.1","3.1"
"407",15264,266,407,2011-10-17,42,2011,"2.7","2.7"
"408",15271,275,408,2011-10-24,43,2011,"2.8","2.8"
"409",15278,315,409,2011-10-31,44,2011,"3.1","3.1"
"410",15285,274,410,2011-11-07,45,2011,"2.9","2.9"
"411",15292,287,411,2011-11-14,46,2011,"2.7","2.7"
"412",15299,241,412,2011-11-21,47,2011,"3","3"
"413",15306,292,413,2011-11-28,48,2011,"2.9","2.9"
"414",15313,235,414,2011-12-05,49,2011,"2.8","2.8"
"415",15320,220,415,2011-12-12,50,2011,"3","3"
"416",15327,214,416,2011-12-19,51,2011,"3.1","3.1"
"417",15334,245,417,2011-12-26,52,2011,"3.7","3.7"
"418",15341,228,418,2012-01-02,1,2012,"6.2","6.2"
"419",15348,231,419,2012-01-09,2,2012,"11.3","11.3"
"420",15355,215,420,2012-01-16,3,2012,"18.8","18.8"
"421",15362,238,421,2012-01-23,4,2012,"20.3","20.3"
"422",15369,242,422,2012-01-30,5,2012,"21.1","21.1"
"423",15376,271,423,2012-02-06,6,2012,"23.1","23.1"
"424",15383,250,424,2012-02-13,7,2012,"21.4","21.4"
"425",15390,308,425,2012-02-20,8,2012,"20","20"
"426",15397,305,426,2012-02-27,9,2012,"16.2","16.2"
"427",15404,319,427,2012-03-05,10,2012,"12.9","12.9"
"428",15411,310,428,2012-03-12,11,2012,"14.6","14.6"
"429",15418,282,429,2012-03-19,12,2012,"18","18"
"430",15425,312,430,2012-03-26,13,2012,"20.3","20.3"
"431",15432,307,431,2012-04-02,14,2012,"16.7","16.7"
"432",15439,296,432,2012-04-09,15,2012,"13.8","13.8"
"433",15446,316,433,2012-04-16,16,2012,"8.7","8.7"
"434",15453,330,434,2012-04-23,17,2012,"7.1","7.1"
"435",15460,329,435,2012-04-30,18,2012,"5","5"
"436",15467,291,436,2012-05-07,19,2012,"3.4","3.4"
"437",15474,290,437,2012-05-14,20,2012,"2.8","2.8"
"438",15481,306,438,2012-05-21,21,2012,"2.5","2.5"
"439",15488,321,439,2012-05-28,22,2012,"2.4","2.4"
"440",15495,278,440,2012-06-04,23,2012,"2.3","2.3"
"441",15502,287,441,2012-06-11,24,2012,"2.2","2.2"
"442",15509,306,442,2012-06-18,25,2012,"2.3","2.3"
"443",15516,318,443,2012-06-25,26,2012,"2","2"
"444",15523,263,444,2012-07-02,27,2012,"1.8","1.8"
"445",15530,266,445,2012-07-09,28,2012,"1.8","1.8"
"446",15537,281,446,2012-07-16,29,2012,"1.8","1.8"
"447",15544,272,447,2012-07-23,30,2012,"1.9","1.9"
"448",15551,243,448,2012-07-30,31,2012,"2.1","2.1"
"449",15558,228,449,2012-08-06,32,2012,"1.7","1.7"
"450",15565,280,450,2012-08-13,33,2012,"1.7","1.7"
"451",15572,245,451,2012-08-20,34,2012,"1.5","1.5"
"452",15579,279,452,2012-08-27,35,2012,"1.8","1.8"
"453",15586,309,453,2012-09-03,36,2012,"2","2"
"454",15593,292,454,2012-09-10,37,2012,"2.1","2.1"
"455",15600,275,455,2012-09-17,38,2012,"2.2","2.2"
"456",15607,246,456,2012-09-24,39,2012,"2.1","2.1"
"457",15614,322,457,2012-10-01,40,2012,"2.5","2.5"
"458",15621,280,458,2012-10-08,41,2012,"2.4","2.4"
"459",15628,242,459,2012-10-15,42,2012,"2.6","2.6"
"460",15635,234,460,2012-10-22,43,2012,"2.5","2.5"
"461",15642,288,461,2012-10-29,44,2012,"2.7","2.7"
"462",15649,250,462,2012-11-05,45,2012,"2.8","2.8"
"463",15656,220,463,2012-11-12,46,2012,"2.7","2.7"
"464",15663,233,464,2012-11-19,47,2012,"2.8","2.8"
"465",15670,265,465,2012-11-26,48,2012,"2.9","2.9"
"466",15677,196,466,2012-12-03,49,2012,"3","3"
"467",15684,212,467,2012-12-10,50,2012,"2.7","2.7"
"468",15691,204,468,2012-12-17,51,2012,"2.8","2.8"
"469",15698,213,469,2012-12-24,52,2012,"3.3","3.3"
"470",15705,229,470,2012-12-31,1,2012,"6.2","6.2"
"471",15712,307,471,2013-01-07,2,2013,"4.8","4.8"
"472",15719,321,472,2013-01-14,3,2013,"6.9","6.9"
"473",15726,294,473,2013-01-21,4,2013,"7.8","7.8"
"474",15733,266,474,2013-01-28,5,2013,"8.4","8.4"
"475",15740,234,475,2013-02-04,6,2013,"9.9","9.9"
"476",15747,298,476,2013-02-11,7,2013,"11","11"
"477",15754,281,477,2013-02-18,8,2013,"11.9","11.9"
"478",15761,360,478,2013-02-25,9,2013,"12.7","12.7"
"479",15768,358,479,2013-03-04,10,2013,"9.9","9.9"
"480",15775,315,480,2013-03-11,11,2013,"9","9"
"481",15782,311,481,2013-03-18,12,2013,"7.8","7.8"
"482",15789,292,482,2013-03-25,13,2013,"6.3","6.3"
"483",15796,306,483,2013-04-01,14,2013,"5.3","5.3"
"484",15803,271,484,2013-04-08,15,2013,"4.5","4.5"
"485",15810,282,485,2013-04-15,16,2013,"4.1","4.1"
"486",15817,313,486,2013-04-22,17,2013,"3.6","3.6"
"487",15824,290,487,2013-04-29,18,2013,"2.8","2.8"
"488",15831,293,488,2013-05-06,19,2013,"2.8","2.8"
"489",15838,293,489,2013-05-13,20,2013,"2.8","2.8"
"490",15845,314,490,2013-05-20,21,2013,"1.8","1.8"
"491",15852,338,491,2013-05-27,22,2013,"2.5","2.5"
"492",15859,297,492,2013-06-03,23,2013,"2.5","2.5"
"493",15866,294,493,2013-06-10,24,2013,"2.2","2.2"
"494",15873,297,494,2013-06-17,25,2013,"2.2","2.2"
"495",15880,299,495,2013-06-24,26,2013,"2.2","2.2"
"496",15887,288,496,2013-07-01,27,2013,"2.1","2.1"
"497",15894,248,497,2013-07-08,28,2013,"2","2"
"498",15901,238,498,2013-07-15,29,2013,"1.9","1.9"
"499",15908,255,499,2013-07-22,30,2013,"1.9","1.9"
"500",15915,302,500,2013-07-29,31,2013,"1.6","1.6"
"501",15922,262,501,2013-08-05,32,2013,"1.9","1.9"
"502",15929,264,502,2013-08-12,33,2013,"2","2"
"503",15936,288,503,2013-08-19,34,2013,"2","2"
"504",15943,243,504,2013-08-26,35,2013,"2","2"
"505",15950,261,505,2013-09-02,36,2013,"6.1","6.1"
"506",15957,266,506,2013-09-09,37,2013,"7.6","7.6"
"507",15964,253,507,2013-09-16,38,2013,"8","8"
"508",15971,281,508,2013-09-23,39,2013,"7.4","7.4"
"509",15978,308,509,2013-09-30,40,2013,"7.2","7.2"
"510",15985,281,510,2013-10-07,41,2013,"7.7","7.7"
"511",15992,262,511,2013-10-14,42,2013,"7.7","7.7"
"512",15999,251,512,2013-10-21,43,2013,"7.9","7.9"
"513",16006,273,513,2013-10-28,44,2013,"8.4","8.4"
"514",16013,262,514,2013-11-04,45,2013,"8","8"
"515",16020,250,515,2013-11-11,46,2013,"9.5","9.5"
"516",16027,215,516,2013-11-18,47,2013,"11.2","11.2"
"517",16034,232,517,2013-11-25,48,2013,"10.3","10.3"
"518",16041,238,518,2013-12-02,49,2013,"10.9","10.9"
"519",16048,229,519,2013-12-09,50,2013,"11.3","11.3"
"520",16055,218,520,2013-12-16,51,2013,"11.7","11.7"
"521",16062,210,521,2013-12-23,52,2013,"15.3","15.3"
"522",16069,220,522,2013-12-30,1,2013,"3.7","3.7"
"523",16076,252,523,2014-01-06,2,2014,"23.1","23.1"
"524",16083,252,524,2014-01-13,3,2014,"27.3","27.3"
"525",16090,235,525,2014-01-20,4,2014,"37","37"
"526",16097,248,526,2014-01-27,5,2014,"42.1","42.1"
"527",16104,241,527,2014-02-03,6,2014,"53.7","53.7"
"528",16111,258,528,2014-02-10,7,2014,"64.3","64.3"
"529",16118,271,529,2014-02-17,8,2014,"60.2","60.2"
"530",16125,329,530,2014-02-24,9,2014,"45.2","45.2"
"531",16132,322,531,2014-03-03,10,2014,"29.2","29.2"
"532",16139,341,532,2014-03-10,11,2014,"28.9","28.9"
"533",16146,346,533,2014-03-17,12,2014,"26.8","26.8"
"534",16153,327,534,2014-03-24,13,2014,"20.3","20.3"
"535",16160,357,535,2014-03-31,14,2014,"15.3","15.3"
"536",16167,307,536,2014-04-07,15,2014,"11","11"
"537",16174,289,537,2014-04-14,16,2014,"9.7","9.7"
"538",16181,331,538,2014-04-21,17,2014,"6.4","6.4"
"539",16188,288,539,2014-04-28,18,2014,"5.4","5.4"
"540",16195,284,540,2014-05-05,19,2014,"3.8","3.8"
"541",16202,300,541,2014-05-12,20,2014,"3.9","3.9"
"542",16209,301,542,2014-05-19,21,2014,"3.7","3.7"
"543",16216,286,543,2014-05-26,22,2014,"4.1","4.1"
"544",16223,287,544,2014-06-02,23,2014,"2.8","2.8"
"545",16230,266,545,2014-06-09,24,2014,"2.4","2.4"
"546",16237,254,546,2014-06-16,25,2014,"2.7","2.7"
"547",16244,296,547,2014-06-23,26,2014,"2.7","2.7"
"548",16251,250,548,2014-06-30,27,2014,"2.7","2.7"
"549",16258,302,549,2014-07-07,28,2014,"2.1","2.1"
"550",16265,244,550,2014-07-14,29,2014,"2.2","2.2"
"551",16272,251,551,2014-07-21,30,2014,"2.3","2.3"
"552",16279,249,552,2014-07-28,31,2014,"2","2"
"553",16286,235,553,2014-08-04,32,2014,"1.6","1.6"
"554",16293,282,554,2014-08-11,33,2014,"1.7","1.7"
"555",16300,275,555,2014-08-18,34,2014,"1.3","1.3"
"556",16307,255,556,2014-08-25,35,2014,"2.1","2.1"
"557",16314,226,557,2014-09-01,36,2014,"1.7","1.7"
"558",16321,285,558,2014-09-08,37,2014,"2.3","2.3"
"559",16328,261,559,2014-09-15,38,2014,"2.4","2.4"
"560",16335,256,560,2014-09-22,39,2014,"2.9","2.9"
"561",16342,233,561,2014-09-29,40,2014,"3.1","3.1"
"562",16349,242,562,2014-10-06,41,2014,"3","3"
"563",16356,216,563,2014-10-13,42,2014,"2.9","2.9"
"564",16363,235,564,2014-10-20,43,2014,"2.9","2.9"
"565",16370,245,565,2014-10-27,44,2014,"2.7","2.7"
"566",16377,245,566,2014-11-03,45,2014,"3","3"
"567",16384,229,567,2014-11-10,46,2014,"3.7","3.7"
"568",16391,232,568,2014-11-17,47,2014,"4","4"
"569",16398,235,569,2014-11-24,48,2014,"3.1","3.1"
"570",16405,223,570,2014-12-01,49,2014,"5.1","5.1"
"571",16412,208,571,2014-12-08,50,2014,"7.1","7.1"
"572",16419,189,572,2014-12-15,51,2014,"7.2","7.2"
"573",16426,224,573,2014-12-22,52,2014,"8.9","8.9"
"574",16433,251,574,2014-12-29,1,2014,"19.4","19.4"
"575",16440,202,575,2015-01-05,2,2015,"10","10"
"576",16447,254,576,2015-01-12,3,2015,"14","14"
"577",16454,243,577,2015-01-19,4,2015,"18.4","18.4"
"578",16461,255,578,2015-01-26,5,2015,"22.6","22.6"
"579",16468,255,579,2015-02-02,6,2015,"29.5","29.5"
"580",16475,210,580,2015-02-09,7,2015,"41.6","41.6"
"581",16482,239,581,2015-02-16,8,2015,"45.5","45.5"
"582",16489,309,582,2015-02-23,9,2015,"28.6","28.6"
"583",16496,271,583,2015-03-02,10,2015,"26.7","26.7"
"584",16503,251,584,2015-03-09,11,2015,"29.3","29.3"
"585",16510,289,585,2015-03-16,12,2015,"35.6","35.6"
"586",16517,297,586,2015-03-23,13,2015,"31.1","31.1"
"587",16524,275,587,2015-03-30,14,2015,"31.7","31.7"
"588",16531,308,588,2015-04-06,15,2015,"23.6","23.6"
"589",16538,313,589,2015-04-13,16,2015,"18.5","18.5"
"590",16545,313,590,2015-04-20,17,2015,"14.9","14.9"
"591",16552,346,591,2015-04-27,18,2015,"11.6","11.6"
"592",16559,278,592,2015-05-04,19,2015,"6.9","6.9"
"593",16566,319,593,2015-05-11,20,2015,"6.6","6.6"
"594",16573,310,594,2015-05-18,21,2015,"6.2","6.2"
"595",16580,321,595,2015-05-25,22,2015,"5.2","5.2"
"596",16587,269,596,2015-06-01,23,2015,"5.8","5.8"
"597",16594,269,597,2015-06-08,24,2015,"5.1","5.1"
"598",16601,268,598,2015-06-15,25,2015,"4.4","4.4"
"599",16608,231,599,2015-06-22,26,2015,"3.5","3.5"
"600",16615,292,600,2015-06-29,27,2015,"3.4","3.4"
"601",16622,259,601,2015-07-06,28,2015,"3.2","3.2"
"602",16629,246,602,2015-07-13,29,2015,"4.5","4.5"
"603",16636,253,603,2015-07-20,30,2015,"4.8","4.8"
"604",16643,276,604,2015-07-27,31,2015,"4.6","4.6"
"605",16650,281,605,2015-08-03,32,2015,"4.4","4.4"
"606",16657,263,606,2015-08-10,33,2015,"4.4","4.4"
"607",16664,269,607,2015-08-17,34,2015,"4.3","4.3"
"608",16671,257,608,2015-08-24,35,2015,"4.5","4.5"
"609",16678,262,609,2015-08-31,36,2015,"5.2","5.2"
"610",16685,255,610,2015-09-07,37,2015,"4.7","4.7"
"611",16692,226,611,2015-09-14,38,2015,"4.6","4.6"
"612",16699,225,612,2015-09-21,39,2015,"3.5","3.5"
"613",16706,262,613,2015-09-28,40,2015,"4","4"
"614",16713,217,614,2015-10-05,41,2015,"3.8","3.8"
"615",16720,250,615,2015-10-12,42,2015,"4","4"
"616",16727,248,616,2015-10-19,43,2015,"3.9","3.9"
"617",16734,223,617,2015-10-26,44,2015,"3.8","3.8"
"618",16741,239,618,2015-11-02,45,2015,"4.5","4.5"
"619",16748,251,619,2015-11-09,46,2015,"4.4","4.4"
"620",16755,225,620,2015-11-16,47,2015,"5.1","5.1"
"621",16762,192,621,2015-11-23,48,2015,"5.4","5.4"
"622",16769,215,622,2015-11-30,49,2015,"7","7"
"623",16776,218,623,2015-12-07,50,2015,"7.4","7.4"
"624",16783,219,624,2015-12-14,51,2015,"7.6","7.6"
"625",16790,218,625,2015-12-21,52,2015,"9","9"
"626",16797,229,626,2015-12-28,53,2015,"0","9.8"
"627",16804,212,627,2016-01-04,1,2016,"10.6","10.6"
"628",16811,222,628,2016-01-11,2,2016,"12.1","12.1"
"629",16818,185,629,2016-01-18,3,2016,"13.5","13.5"
"630",16825,195,630,2016-01-25,4,2016,"20.7","20.7"
"631",16832,210,631,2016-02-01,5,2016,"27.2","27.2"
"632",16839,224,632,2016-02-08,6,2016,"41.3","41.3"
"633",16846,258,633,2016-02-15,7,2016,"53.8","53.8"
"634",16853,232,634,2016-02-22,8,2016,"46.1","46.1"
"635",16860,280,635,2016-02-29,9,2016,"43","43"
"636",16867,257,636,2016-03-07,10,2016,"32.1","32.1"
"637",16874,254,637,2016-03-14,11,2016,"28.8","28.8"
"638",16881,302,638,2016-03-21,12,2016,"30.1","30.1"
"639",16888,293,639,2016-03-28,13,2016,"30.5","30.5"
"640",16895,281,640,2016-04-04,14,2016,"32","32"
"641",16902,242,641,2016-04-11,15,2016,"28.3","28.3"
"642",16909,263,642,2016-04-18,16,2016,"21.1","21.1"
"643",16916,284,643,2016-04-25,17,2016,"15.4","15.4"
"644",16923,275,644,2016-05-02,18,2016,"11.8","11.8"
"645",16930,266,645,2016-05-09,19,2016,"7.7","7.7"
"646",16937,247,646,2016-05-16,20,2016,"6.3","6.3"
"647",16944,274,647,2016-05-23,21,2016,"5.9","5.9"
"648",16951,270,648,2016-05-30,22,2016,"5.4","5.4"
"649",16958,264,649,2016-06-06,23,2016,"5.3","5.3"
"650",16965,264,650,2016-06-13,24,2016,"4.5","4.5"
"651",16972,246,651,2016-06-20,25,2016,"5.6","5.6"
"652",16979,281,652,2016-06-27,26,2016,"5.1","5.1"
"653",16986,252,653,2016-07-04,27,2016,"4.8","4.8"
"654",16993,226,654,2016-07-11,28,2016,"4.3","4.3"
"655",17000,267,655,2016-07-18,29,2016,"5.3","5.3"
"656",17007,261,656,2016-07-25,30,2016,"4.7","4.7"
"657",17014,243,657,2016-08-01,31,2016,"4.7","4.7"
"658",17021,230,658,2016-08-08,32,2016,"5.4","5.4"
"659",17028,245,659,2016-08-15,33,2016,"4.2","4.2"
"660",17035,263,660,2016-08-22,34,2016,"4.5","4.5"
"661",17042,284,661,2016-08-29,35,2016,"4.4","4.4"
"662",17049,278,662,2016-09-05,36,2016,"3.8","3.8"
"663",17056,251,663,2016-09-12,37,2016,"4.6","4.6"
"664",17063,331,664,2016-09-19,38,2016,"3.9","3.9"
"665",17070,276,665,2016-09-26,39,2016,"3.9","3.9"
"666",17077,280,666,2016-10-03,40,2016,"4.2","4.2"
"667",17084,245,667,2016-10-10,41,2016,"3.7","3.7"
"668",17091,261,668,2016-10-17,42,2016,"3.7","3.7"
"669",17098,258,669,2016-10-24,43,2016,"4","4"
"670",17105,229,670,2016-10-31,44,2016,"4.8","4.8"
"671",17112,208,671,2016-11-07,45,2016,"4.2","4.2"
"672",17119,243,672,2016-11-14,46,2016,"4.5","4.5"
"673",17126,198,673,2016-11-21,47,2016,"5.9","5.9"
"674",17133,236,674,2016-11-28,48,2016,"7.3","7.3"
"675",17140,221,675,2016-12-05,49,2016,"13.3","13.3"
"676",17147,217,676,2016-12-12,50,2016,"34.8","34.8"
"677",17154,215,677,2016-12-19,51,2016,"61.8","61.8"
"678",17161,227,678,2016-12-26,52,2016,"86.2","86.2"
"679",17168,244,679,2017-01-02,1,2017,"39.4","39.4"
"680",17175,205,680,2017-01-09,2,2017,"23.9","23.9"
"681",17182,219,681,2017-01-16,3,2017,"17","17"
"682",17189,167,682,2017-01-23,4,2017,"12.5","12.5"
"683",17196,216,683,2017-01-30,5,2017,"9.9","9.9"
"684",17203,189,684,2017-02-06,6,2017,"9","9"
"685",17210,242,685,2017-02-13,7,2017,"7.1","7.1"
"686",17217,262,686,2017-02-20,8,2017,"6.7","6.7"
"687",17224,243,687,2017-02-27,9,2017,"6.1","6.1"
"688",17231,215,688,2017-03-06,10,2017,"7","7"
"689",17238,250,689,2017-03-13,11,2017,"9.3","9.3"
"690",17245,242,690,2017-03-20,12,2017,"13.2","13.2"
"691",17252,242,691,2017-03-27,13,2017,"13.7","13.7"
"692",17259,265,692,2017-04-03,14,2017,"16.7","16.7"
"693",17266,239,693,2017-04-10,15,2017,"15.8","15.8"
"694",17273,268,694,2017-04-17,16,2017,"14.5","14.5"
"695",17280,256,695,2017-04-24,17,2017,"13.3","13.3"
"696",17287,250,696,2017-05-01,18,2017,"9.5","9.5"
"697",17294,259,697,2017-05-08,19,2017,"6.8","6.8"
"698",17301,254,698,2017-05-15,20,2017,"7.6","7.6"
"699",17308,278,699,2017-05-22,21,2017,"6.7","6.7"
"700",17315,256,700,2017-05-29,22,2017,"4.9","4.9"
"701",17322,211,701,2017-06-05,23,2017,"5.1","5.1"
"702",17329,256,702,2017-06-12,24,2017,"5.6","5.6"
"703",17336,264,703,2017-06-19,25,2017,"5.7","5.7"
"704",17343,264,704,2017-06-26,26,2017,"5.3","5.3"
"705",17350,234,705,2017-07-03,27,2017,"5.8","5.8"
"706",17357,239,706,2017-07-10,28,2017,"6.2","6.2"
"707",17364,215,707,2017-07-17,29,2017,"6.3","6.3"
"708",17371,237,708,2017-07-24,30,2017,"4.3","4.3"
"709",17378,250,709,2017-07-31,31,2017,"4.5","4.5"
"710",17385,246,710,2017-08-07,32,2017,"4.4","4.4"
"711",17392,242,711,2017-08-14,33,2017,"3.8","3.8"
"712",17399,267,712,2017-08-21,34,2017,"5.2","5.2"
"713",17406,247,713,2017-08-28,35,2017,"4.8","4.8"
"714",17413,231,714,2017-09-04,36,2017,"4.9","4.9"
"715",17420,254,715,2017-09-11,37,2017,"5.1","5.1"
"716",17427,240,716,2017-09-18,38,2017,"5.1","5.1"
"717",17434,251,717,2017-09-25,39,2017,"4.7","4.7"
"718",17441,251,718,2017-10-02,40,2017,"3.1","3.1"
"719",17448,229,719,2017-10-09,41,2017,"3.8","3.8"
"720",17455,236,720,2017-10-16,42,2017,"4.2","4.2"
"721",17462,261,721,2017-10-23,43,2017,"4.1","4.1"
"722",17469,288,722,2017-10-30,44,2017,"5.2","5.2"
"723",17476,239,723,2017-11-06,45,2017,"5.3","5.3"
"724",17483,201,724,2017-11-13,46,2017,"6.3","6.3"
"725",17490,210,725,2017-11-20,47,2017,"7.7","7.7"
"726",17497,251,726,2017-11-27,48,2017,"11.4","11.4"
"727",17504,189,727,2017-12-04,49,2017,"19","19"
"728",17511,175,728,2017-12-11,50,2017,"30.6","30.6"
"729",17518,230,729,2017-12-18,51,2017,"53.6","53.6"
"730",17525,260,730,2017-12-25,52,2017,"71.8","71.8"
